[{"model": "admin.logentry", "pk": 1, "fields": {"action_time": "2023-08-30T16:05:49.988Z", "user": 1, "content_type": 10, "object_id": "1", "object_repr": "Fantasy 101", "action_flag": 1, "change_message": "[{\"added\": {}}]"}}, {"model": "admin.logentry", "pk": 2, "fields": {"action_time": "2023-08-30T16:07:12.421Z", "user": 1, "content_type": 10, "object_id": "2", "object_repr": "Football 102 yayyeaaaa", "action_flag": 1, "change_message": "[{\"added\": {}}]"}}, {"model": "admin.logentry", "pk": 3, "fields": {"action_time": "2023-08-30T19:08:17.773Z", "user": 1, "content_type": 4, "object_id": "2", "object_repr": "fake_dan", "action_flag": 1, "change_message": "[{\"added\": {}}]"}}, {"model": "admin.logentry", "pk": 4, "fields": {"action_time": "2023-08-30T19:09:08.969Z", "user": 1, "content_type": 4, "object_id": "2", "object_repr": "fake_dan", "action_flag": 2, "change_message": "[{\"changed\": {\"fields\": [\"First name\", \"Last name\", \"Email address\"]}}]"}}, {"model": "admin.logentry", "pk": 5, "fields": {"action_time": "2023-08-30T19:09:47.324Z", "user": 1, "content_type": 12, "object_id": "1", "object_repr": "Fantasy Football", "action_flag": 1, "change_message": "[{\"added\": {}}]"}}, {"model": "admin.logentry", "pk": 6, "fields": {"action_time": "2023-08-30T19:09:52.349Z", "user": 1, "content_type": 12, "object_id": "2", "object_repr": "Fantasy Golf", "action_flag": 1, "change_message": "[{\"added\": {}}]"}}, {"model": "admin.logentry", "pk": 7, "fields": {"action_time": "2023-08-30T19:10:00.278Z", "user": 1, "content_type": 12, "object_id": "3", "object_repr": "Fantasy Basketball", "action_flag": 1, "change_message": "[{\"added\": {}}]"}}, {"model": "admin.logentry", "pk": 8, "fields": {"action_time": "2023-08-30T19:10:05.014Z", "user": 1, "content_type": 12, "object_id": "4", "object_repr": "Fantasy Baseball", "action_flag": 1, "change_message": "[{\"added\": {}}]"}}, {"model": "admin.logentry", "pk": 9, "fields": {"action_time": "2023-08-30T19:10:09.122Z", "user": 1, "content_type": 12, "object_id": "5", "object_repr": "Off Topic", "action_flag": 1, "change_message": "[{\"added\": {}}]"}}, {"model": "admin.logentry", "pk": 10, "fields": {"action_time": "2023-08-30T19:11:01.832Z", "user": 1, "content_type": 10, "object_id": "3", "object_repr": "week1", "action_flag": 1, "change_message": "[{\"added\": {}}]"}}, {"model": "admin.logentry", "pk": 11, "fields": {"action_time": "2023-08-30T19:11:20.426Z", "user": 1, "content_type": 10, "object_id": "4", "object_repr": "ryder cup", "action_flag": 1, "change_message": "[{\"added\": {}}]"}}, {"model": "admin.logentry", "pk": 12, "fields": {"action_time": "2023-08-30T19:11:33.337Z", "user": 1, "content_type": 10, "object_id": "2", "object_repr": "Football 102 yayyeaaaa", "action_flag": 2, "change_message": "[{\"changed\": {\"fields\": [\"Host\", \"Topic\"]}}]"}}, {"model": "admin.logentry", "pk": 13, "fields": {"action_time": "2023-08-30T19:11:42.248Z", "user": 1, "content_type": 10, "object_id": "1", "object_repr": "Fantasy 101", "action_flag": 3, "change_message": ""}}, {"model": "admin.logentry", "pk": 14, "fields": {"action_time": "2023-08-30T19:11:58.763Z", "user": 1, "content_type": 10, "object_id": "2", "object_repr": "Fantasy Football Season Long", "action_flag": 2, "change_message": "[{\"changed\": {\"fields\": [\"Name\"]}}]"}}, {"model": "admin.logentry", "pk": 15, "fields": {"action_time": "2023-08-30T19:12:07.958Z", "user": 1, "content_type": 10, "object_id": "4", "object_repr": "ryder cup", "action_flag": 2, "change_message": "[]"}}, {"model": "admin.logentry", "pk": 16, "fields": {"action_time": "2023-08-30T19:12:48.627Z", "user": 1, "content_type": 11, "object_id": "1", "object_repr": "I like men ... a lot", "action_flag": 1, "change_message": "[{\"added\": {}}]"}}, {"model": "admin.logentry", "pk": 17, "fields": {"action_time": "2023-08-30T19:12:55.557Z", "user": 1, "content_type": 11, "object_id": "1", "object_repr": "I like men ... a lot", "action_flag": 2, "change_message": "[]"}}, {"model": "admin.logentry", "pk": 18, "fields": {"action_time": "2023-08-30T19:13:17.145Z", "user": 1, "content_type": 11, "object_id": "1", "object_repr": "I like men ... a lot", "action_flag": 2, "change_message": "[]"}}, {"model": "auth.permission", "pk": 1, "fields": {"name": "Can add log entry", "content_type": 1, "codename": "add_logentry"}}, {"model": "auth.permission", "pk": 2, "fields": {"name": "Can change log entry", "content_type": 1, "codename": "change_logentry"}}, {"model": "auth.permission", "pk": 3, "fields": {"name": "Can delete log entry", "content_type": 1, "codename": "delete_logentry"}}, {"model": "auth.permission", "pk": 4, "fields": {"name": "Can view log entry", "content_type": 1, "codename": "view_logentry"}}, {"model": "auth.permission", "pk": 5, "fields": {"name": "Can add permission", "content_type": 2, "codename": "add_permission"}}, {"model": "auth.permission", "pk": 6, "fields": {"name": "Can change permission", "content_type": 2, "codename": "change_permission"}}, {"model": "auth.permission", "pk": 7, "fields": {"name": "Can delete permission", "content_type": 2, "codename": "delete_permission"}}, {"model": "auth.permission", "pk": 8, "fields": {"name": "Can view permission", "content_type": 2, "codename": "view_permission"}}, {"model": "auth.permission", "pk": 9, "fields": {"name": "Can add group", "content_type": 3, "codename": "add_group"}}, {"model": "auth.permission", "pk": 10, "fields": {"name": "Can change group", "content_type": 3, "codename": "change_group"}}, {"model": "auth.permission", "pk": 11, "fields": {"name": "Can delete group", "content_type": 3, "codename": "delete_group"}}, {"model": "auth.permission", "pk": 12, "fields": {"name": "Can view group", "content_type": 3, "codename": "view_group"}}, {"model": "auth.permission", "pk": 13, "fields": {"name": "Can add user", "content_type": 4, "codename": "add_user"}}, {"model": "auth.permission", "pk": 14, "fields": {"name": "Can change user", "content_type": 4, "codename": "change_user"}}, {"model": "auth.permission", "pk": 15, "fields": {"name": "Can delete user", "content_type": 4, "codename": "delete_user"}}, {"model": "auth.permission", "pk": 16, "fields": {"name": "Can view user", "content_type": 4, "codename": "view_user"}}, {"model": "auth.permission", "pk": 17, "fields": {"name": "Can add content type", "content_type": 5, "codename": "add_contenttype"}}, {"model": "auth.permission", "pk": 18, "fields": {"name": "Can change content type", "content_type": 5, "codename": "change_contenttype"}}, {"model": "auth.permission", "pk": 19, "fields": {"name": "Can delete content type", "content_type": 5, "codename": "delete_contenttype"}}, {"model": "auth.permission", "pk": 20, "fields": {"name": "Can view content type", "content_type": 5, "codename": "view_contenttype"}}, {"model": "auth.permission", "pk": 21, "fields": {"name": "Can add session", "content_type": 6, "codename": "add_session"}}, {"model": "auth.permission", "pk": 22, "fields": {"name": "Can change session", "content_type": 6, "codename": "change_session"}}, {"model": "auth.permission", "pk": 23, "fields": {"name": "Can delete session", "content_type": 6, "codename": "delete_session"}}, {"model": "auth.permission", "pk": 24, "fields": {"name": "Can view session", "content_type": 6, "codename": "view_session"}}, {"model": "auth.permission", "pk": 25, "fields": {"name": "Can add golfer", "content_type": 7, "codename": "add_golfer"}}, {"model": "auth.permission", "pk": 26, "fields": {"name": "Can change golfer", "content_type": 7, "codename": "change_golfer"}}, {"model": "auth.permission", "pk": 27, "fields": {"name": "Can delete golfer", "content_type": 7, "codename": "delete_golfer"}}, {"model": "auth.permission", "pk": 28, "fields": {"name": "Can view golfer", "content_type": 7, "codename": "view_golfer"}}, {"model": "auth.permission", "pk": 29, "fields": {"name": "Can add lineup", "content_type": 8, "codename": "add_lineup"}}, {"model": "auth.permission", "pk": 30, "fields": {"name": "Can change lineup", "content_type": 8, "codename": "change_lineup"}}, {"model": "auth.permission", "pk": 31, "fields": {"name": "Can delete lineup", "content_type": 8, "codename": "delete_lineup"}}, {"model": "auth.permission", "pk": 32, "fields": {"name": "Can view lineup", "content_type": 8, "codename": "view_lineup"}}, {"model": "auth.permission", "pk": 33, "fields": {"name": "Can add player", "content_type": 9, "codename": "add_player"}}, {"model": "auth.permission", "pk": 34, "fields": {"name": "Can change player", "content_type": 9, "codename": "change_player"}}, {"model": "auth.permission", "pk": 35, "fields": {"name": "Can delete player", "content_type": 9, "codename": "delete_player"}}, {"model": "auth.permission", "pk": 36, "fields": {"name": "Can view player", "content_type": 9, "codename": "view_player"}}, {"model": "auth.permission", "pk": 37, "fields": {"name": "Can add room", "content_type": 10, "codename": "add_room"}}, {"model": "auth.permission", "pk": 38, "fields": {"name": "Can change room", "content_type": 10, "codename": "change_room"}}, {"model": "auth.permission", "pk": 39, "fields": {"name": "Can delete room", "content_type": 10, "codename": "delete_room"}}, {"model": "auth.permission", "pk": 40, "fields": {"name": "Can view room", "content_type": 10, "codename": "view_room"}}, {"model": "auth.permission", "pk": 41, "fields": {"name": "Can add message", "content_type": 11, "codename": "add_message"}}, {"model": "auth.permission", "pk": 42, "fields": {"name": "Can change message", "content_type": 11, "codename": "change_message"}}, {"model": "auth.permission", "pk": 43, "fields": {"name": "Can delete message", "content_type": 11, "codename": "delete_message"}}, {"model": "auth.permission", "pk": 44, "fields": {"name": "Can view message", "content_type": 11, "codename": "view_message"}}, {"model": "auth.permission", "pk": 45, "fields": {"name": "Can add topic", "content_type": 12, "codename": "add_topic"}}, {"model": "auth.permission", "pk": 46, "fields": {"name": "Can change topic", "content_type": 12, "codename": "change_topic"}}, {"model": "auth.permission", "pk": 47, "fields": {"name": "Can delete topic", "content_type": 12, "codename": "delete_topic"}}, {"model": "auth.permission", "pk": 48, "fields": {"name": "Can view topic", "content_type": 12, "codename": "view_topic"}}, {"model": "auth.permission", "pk": 49, "fields": {"name": "Can add slate", "content_type": 13, "codename": "add_slate"}}, {"model": "auth.permission", "pk": 50, "fields": {"name": "Can change slate", "content_type": 13, "codename": "change_slate"}}, {"model": "auth.permission", "pk": 51, "fields": {"name": "Can delete slate", "content_type": 13, "codename": "delete_slate"}}, {"model": "auth.permission", "pk": 52, "fields": {"name": "Can view slate", "content_type": 13, "codename": "view_slate"}}, {"model": "auth.user", "pk": 1, "fields": {"password": "pbkdf2_sha256$600000$iYD4Bvfb5IttPLGB9BeP6X$WcEw6zrqYUczX0Z1oOtJLD8eh7ZUzjYztz1rxhomhOo=", "last_login": "2023-08-30T15:28:19.808Z", "is_superuser": true, "username": "matthewmoore", "first_name": "", "last_name": "", "email": "Matt.Moore@example.com", "is_staff": true, "is_active": true, "date_joined": "2023-08-30T15:27:39.377Z", "groups": [], "user_permissions": []}}, {"model": "auth.user", "pk": 2, "fields": {"password": "pbkdf2_sha256$600000$GiHJcOgAMg0DHlFLzF6MGl$4xdugciUbbpZY3ytKOCArxDjCc2ahv3f+A8YyaUiKsM=", "last_login": null, "is_superuser": false, "username": "fake_dan", "first_name": "Danley", "last_name": "Polikoff", "email": "polikoff@gmail.com", "is_staff": false, "is_active": true, "date_joined": "2023-08-30T19:08:17Z", "groups": [], "user_permissions": []}}, {"model": "contenttypes.contenttype", "pk": 1, "fields": {"app_label": "admin", "model": "logentry"}}, {"model": "contenttypes.contenttype", "pk": 2, "fields": {"app_label": "auth", "model": "permission"}}, {"model": "contenttypes.contenttype", "pk": 3, "fields": {"app_label": "auth", "model": "group"}}, {"model": "contenttypes.contenttype", "pk": 4, "fields": {"app_label": "auth", "model": "user"}}, {"model": "contenttypes.contenttype", "pk": 5, "fields": {"app_label": "contenttypes", "model": "contenttype"}}, {"model": "contenttypes.contenttype", "pk": 6, "fields": {"app_label": "sessions", "model": "session"}}, {"model": "contenttypes.contenttype", "pk": 7, "fields": {"app_label": "golf", "model": "golfer"}}, {"model": "contenttypes.contenttype", "pk": 8, "fields": {"app_label": "golf", "model": "lineup"}}, {"model": "contenttypes.contenttype", "pk": 9, "fields": {"app_label": "nfl", "model": "player"}}, {"model": "contenttypes.contenttype", "pk": 10, "fields": {"app_label": "forum", "model": "room"}}, {"model": "contenttypes.contenttype", "pk": 11, "fields": {"app_label": "forum", "model": "message"}}, {"model": "contenttypes.contenttype", "pk": 12, "fields": {"app_label": "forum", "model": "topic"}}, {"model": "contenttypes.contenttype", "pk": 13, "fields": {"app_label": "slate_app", "model": "slate"}}, {"model": "sessions.session", "pk": "42btax4fl8btdwky96kcx9m75as5nfux", "fields": {"session_data": ".eJxVjDsOwjAQRO_iGlmx47U3lPQ5Q7T2rnEAOVI-FeLuJFIK6Ebz3sxbDbStZdgWmYeR1VUZdfntIqWn1APwg-p90mmq6zxGfSj6pIvuJ5bX7XT_DgotZV-jgy4DsDfSZjTiMZMHC9QiN9F1YAWCcAjYJG9FxAUkg2g4wR6C-nwBz6c3aA:1qbN7D:cmdNoMHU-mh_ZXeYYFHR3nMAIVTUvmSygFYggISE54U", "expire_date": "2023-09-13T15:28:19.809Z"}}, {"model": "golf.golfer", "pk": 1, "fields": {"name": "Scottie Scheffler", "name_id": "Scottie Scheffler (29094735)", "salary": 13400, "proj": "100.000"}}, {"model": "golf.golfer", "pk": 2, "fields": {"name": "Rory McIlroy", "name_id": "Rory McIlroy (29094736)", "salary": 13000, "proj": "88.080"}}, {"model": "golf.golfer", "pk": 3, "fields": {"name": "Viktor Hovland", "name_id": "Viktor Hovland (29094737)", "salary": 12500, "proj": "88.260"}}, {"model": "golf.golfer", "pk": 4, "fields": {"name": "Jon Rahm", "name_id": "Jon Rahm (29094738)", "salary": 11600, "proj": "89.370"}}, {"model": "golf.golfer", "pk": 5, "fields": {"name": "Max Homa", "name_id": "Max Homa (29094739)", "salary": 10900, "proj": "79.890"}}, {"model": "golf.golfer", "pk": 6, "fields": {"name": "Patrick Cantlay", "name_id": "Patrick Cantlay (29094740)", "salary": 10800, "proj": "83.940"}}, {"model": "golf.golfer", "pk": 7, "fields": {"name": "Xander Schauffele", "name_id": "Xander Schauffele (29094741)", "salary": 10500, "proj": "83.600"}}, {"model": "golf.golfer", "pk": 8, "fields": {"name": "Matt Fitzpatrick", "name_id": "Matt Fitzpatrick (29094742)", "salary": 10000, "proj": "65.190"}}, {"model": "golf.golfer", "pk": 9, "fields": {"name": "Lucas Glover", "name_id": "Lucas Glover (29094743)", "salary": 9700, "proj": "61.850"}}, {"model": "golf.golfer", "pk": 10, "fields": {"name": "Brian Harman", "name_id": "Brian Harman (29094744)", "salary": 9500, "proj": "68.280"}}, {"model": "golf.golfer", "pk": 11, "fields": {"name": "Wyndham Clark", "name_id": "Wyndham Clark (29094745)", "salary": 9100, "proj": "75.440"}}, {"model": "golf.golfer", "pk": 12, "fields": {"name": "Rickie Fowler", "name_id": "Rickie Fowler (29094746)", "salary": 9000, "proj": "77.850"}}, {"model": "golf.golfer", "pk": 13, "fields": {"name": "Tommy Fleetwood", "name_id": "Tommy Fleetwood (29094747)", "salary": 8800, "proj": "72.150"}}, {"model": "golf.golfer", "pk": 14, "fields": {"name": "Sungjae Im", "name_id": "Sungjae Im (29094748)", "salary": 8500, "proj": "71.620"}}, {"model": "golf.golfer", "pk": 15, "fields": {"name": "Russell Henley", "name_id": "Russell Henley (29094749)", "salary": 8300, "proj": "66.480"}}, {"model": "golf.golfer", "pk": 16, "fields": {"name": "Keegan Bradley", "name_id": "Keegan Bradley (29094750)", "salary": 8100, "proj": "68.240"}}, {"model": "golf.golfer", "pk": 17, "fields": {"name": "Tom Kim", "name_id": "Tom Kim (29094751)", "salary": 7900, "proj": "71.960"}}, {"model": "golf.golfer", "pk": 18, "fields": {"name": "Corey Conners", "name_id": "Corey Conners (29094752)", "salary": 7900, "proj": "68.330"}}, {"model": "golf.golfer", "pk": 19, "fields": {"name": "Collin Morikawa", "name_id": "Collin Morikawa (29094753)", "salary": 7700, "proj": "72.040"}}, {"model": "golf.golfer", "pk": 20, "fields": {"name": "Tony Finau", "name_id": "Tony Finau (29094754)", "salary": 7500, "proj": "72.460"}}, {"model": "golf.golfer", "pk": 21, "fields": {"name": "Jason Day", "name_id": "Jason Day (29094755)", "salary": 7400, "proj": "68.000"}}, {"model": "golf.golfer", "pk": 22, "fields": {"name": "Si Woo Kim", "name_id": "Si Woo Kim (29094756)", "salary": 7200, "proj": "65.270"}}, {"model": "golf.golfer", "pk": 23, "fields": {"name": "Tyrrell Hatton", "name_id": "Tyrrell Hatton (29094757)", "salary": 6900, "proj": "78.930"}}, {"model": "golf.golfer", "pk": 24, "fields": {"name": "Jordan Spieth", "name_id": "Jordan Spieth (29094758)", "salary": 6700, "proj": "64.760"}}, {"model": "golf.golfer", "pk": 25, "fields": {"name": "Taylor Moore", "name_id": "Taylor Moore (29094759)", "salary": 6500, "proj": "58.570"}}, {"model": "golf.golfer", "pk": 26, "fields": {"name": "Sam Burns", "name_id": "Sam Burns (29094760)", "salary": 6100, "proj": "62.960"}}, {"model": "golf.golfer", "pk": 27, "fields": {"name": "Emiliano Grillo", "name_id": "Emiliano Grillo (29094761)", "salary": 5700, "proj": "64.590"}}, {"model": "golf.golfer", "pk": 28, "fields": {"name": "Sepp Straka", "name_id": "Sepp Straka (29094762)", "salary": 5400, "proj": "60.170"}}, {"model": "golf.golfer", "pk": 29, "fields": {"name": "Adam Schenk", "name_id": "Adam Schenk (29094763)", "salary": 5200, "proj": "58.050"}}, {"model": "golf.golfer", "pk": 30, "fields": {"name": "Nick Taylor", "name_id": "Nick Taylor (29094764)", "salary": 5000, "proj": "59.580"}}, {"model": "forum.topic", "pk": 1, "fields": {"name": "Fantasy Football"}}, {"model": "forum.topic", "pk": 2, "fields": {"name": "Fantasy Golf"}}, {"model": "forum.topic", "pk": 3, "fields": {"name": "Fantasy Basketball"}}, {"model": "forum.topic", "pk": 4, "fields": {"name": "Fantasy Baseball"}}, {"model": "forum.topic", "pk": 5, "fields": {"name": "Off Topic"}}, {"model": "forum.room", "pk": 2, "fields": {"name": "Fantasy Football Season Long", "description": "SUP SUP SUP SUP", "created": "2023-08-30T16:07:12.419Z", "updated": "2023-08-30T19:11:58.762Z", "host": 1, "topic": 1}}, {"model": "forum.room", "pk": 3, "fields": {"name": "week1", "description": "week1 nfl discussion", "created": "2023-08-30T19:11:01.831Z", "updated": "2023-08-30T19:11:01.831Z", "host": 1, "topic": 1}}, {"model": "forum.room", "pk": 4, "fields": {"name": "ryder cup", "description": "ryder cup golf discussion", "created": "2023-08-30T19:11:20.425Z", "updated": "2023-08-30T19:12:07.956Z", "host": 1, "topic": 2}}, {"model": "forum.room", "pk": 5, "fields": {"name": "Bears LionS", "description": "Week1 thrilla from manilla", "created": "2023-08-30T20:16:18.490Z", "updated": "2023-08-31T16:59:11.732Z", "host": 1, "topic": 1}}, {"model": "forum.room", "pk": 6, "fields": {"name": "Dan likes men", "description": "he really does, a lot", "created": "2023-08-30T20:16:46.986Z", "updated": "2023-08-30T20:16:46.986Z", "host": 2, "topic": 5}}, {"model": "forum.room", "pk": 7, "fields": {"name": "run it back with anal (UPDATEd)", "description": "yes", "created": "2023-08-30T20:36:31.953Z", "updated": "2023-08-30T21:27:14.446Z", "host": 2, "topic": 5}}, {"model": "forum.room", "pk": 8, "fields": {"name": "why so many dick in the butt", "description": "sup", "created": "2023-08-30T20:43:39.481Z", "updated": "2023-08-30T20:43:39.482Z", "host": 2, "topic": 3}}, {"model": "forum.message", "pk": 1, "fields": {"user": 2, "room": 3, "body": "I like men ... a lot", "created": "2023-08-30T19:12:48.625Z", "updated": "2023-08-30T19:13:17.144Z"}}]